sie;sig
ABDON BATISTA                 ;ABDON BATISTASC
ABELARDO LUZ                  ;ABELARDO LUZSC
AGROLANDIA                    ;AGROLÂNDIASC
AGRONOMICA                    ;AGRONÔMICASC
AGUA DOCE                     ;ÁGUA DOCESC
AGUAS DE CHAPECO              ;ÁGUAS DE CHAPECÓSC
AGUAS MORNAS                  ;ÁGUAS MORNASSC
ALFREDO WAGNER                ;ALFREDO WAGNERSC
ALTO BELA VISTA               ;ALTO BELA VISTASC
ANCHIETA                      ;ANCHIETASC
ANGELINA                      ;ANGELINASC
ANITA GARIBALDI               ;ANITA GARIBALDISC
ANITAPOLIS                    ;ANITÁPOLISSC
ANTONIO CARLOS                ;ANTÔNIO CARLOSSC
APIUNA                        ;APIÚNASC
ARABUTA                       ;ARABUTÃSC
ARAQUARI                      ;ARAQUARISC
ARARANGUA                     ;ARARANGUÁSC
ARMAZEM                       ;ARMAZÉMSC
ASCURRA                       ;ASCURRASC
ATALANTA                      ;ATALANTASC
AURORA                        ;AURORASC
ARROIO DO SILVA               ;BALNEÁRIO ARROIO DO SILVASC
BALNEARIO ARROIO DO SILVA     ;BALNEÁRIO ARROIO DO SILVASC
BALNEARIO CAMBORIU            ;BALNEÁRIO CAMBORIÚSC
BALN GAIVOTA                  ;BALNEÁRIO GAIVOTASC
PICARRAS                      ;BALNEÁRIO PIÇARRASSC
BANDEIRANTE                   ;BANDEIRANTESC
BARRA BONITA                  ;BARRA BONITASC
BARRA VELHA                   ;BARRA VELHASC
BELA VISTA DO TOLDO           ;BELA VISTA DO TOLDOSC
BENEDITO NOVO                 ;BENEDITO NOVOSC
BIGUACU                       ;BIGUAÇUSC
BLUMENAU                      ;BLUMENAUSC
BOM J DA SERRA                ;BOM JARDIM DA SERRASC
BOM RETIRO                    ;BOM RETIROSC
BOTUVERA                      ;BOTUVERÁSC
BRACO DO NORTE                ;BRAÇO DO NORTESC
BRUSQUE                       ;BRUSQUESC
CACADOR                       ;CAÇADORSC
CAMBORIU                      ;CAMBORIÚSC
CAMPO ALEGRE                  ;CAMPO ALEGRESC
CAMPO BELO DO SUL             ;CAMPO BELO DO SULSC
CAMPO ERE                     ;CAMPO ERÊSC
CAMPOS NOVOS                  ;CAMPOS NOVOSSC
CANELINHA                     ;CANELINHASC
CANOINHAS                     ;CANOINHASSC
CAPINZAL                      ;CAPINZALSC
CAPIVARI DE BAIXO             ;CAPIVARI DE BAIXOSC
CATANDUVAS                    ;CATANDUVASSC
CAXAMBU DO SUL                ;CAXAMBU DO SULSC
CELSO RAMOS                   ;CELSO RAMOSSC
CHAPECO                       ;CHAPECÓSC
CONCORDIA                     ;CONCÓRDIASC
CORONEL FREITAS               ;CORONEL FREITASSC
CORUPA                        ;CORUPÁSC
CRICIUMA                      ;CRICIÚMASC
CUNHA PORA                    ;CUNHA PORÃSC
CURITIBANOS                   ;CURITIBANOSSC
DESCANSO                      ;DESCANSOSC
D CERQUEIRA                   ;DIONÍSIO CERQUEIRASC
DONA EMMA                     ;DONA EMMASC
DOUTOR PEDRINHO               ;DOUTOR PEDRINHOSC
DR PEDRINHO                   ;DOUTOR PEDRINHOSC
ENTRE RIOS                    ;ENTRE RIOSSC
ERVAL VELHO                   ;ERVAL VELHOSC
FAXINAL GUEDES                ;FAXINAL DOS GUEDESSC
FLOR DO SERTAO                ;FLOR DO SERTÃOSC
FLORIANOPOLIS                 ;FLORIANÓPOLISSC
FORQUILHINHA                  ;FORQUILHINHASC
FRAIBURGO                     ;FRAIBURGOSC
FREI ROGERIO                  ;FREI ROGÉRIOSC
GALVAO                        ;GALVÃOSC
GAROPABA                      ;GAROPABASC
GARUVA                        ;GARUVASC
GASPAR                        ;GASPARSC
GOV CELSO RAMOS               ;GOVERNADOR CELSO RAMOSSC
GRAO PARA                     ;GRÃO PARÁSC
GRAVATAL                      ;GRAVATALSC
GUABIRUBA                     ;GUABIRUBASC
GUARACIABA                    ;GUARACIABASC
GUARAMIRIM                    ;GUARAMIRIMSC
GUATAMBU                      ;GUATAMBÚSC
HERVAL DO OESTE               ;HERVAL D'OESTESC
IBICARE                       ;IBICARÉSC
IBIRAMA                       ;IBIRAMASC
ICARA                         ;IÇARASC
ILHOTA                        ;ILHOTASC
IMARUI                        ;IMARUÍSC
IMBITUBA                      ;IMBITUBASC
IMBUIA                        ;IMBUIASC
INDAIAL                       ;INDAIALSC
IOMERE                        ;IOMERÊSC
IPIRA                         ;IPIRASC
IPUACU                        ;IPUAÇUSC
IPUMIRIM                      ;IPUMIRIMSC
IRACEMINHA                    ;IRACEMINHASC
IRANI                         ;IRANISC
IRINEOPOLIS                   ;IRINEÓPOLISSC
ITAIOPOLIS                    ;ITAIÓPOLISSC
ITAJAI                        ;ITAJAÍSC
ITAPEMA                       ;ITAPEMASC
ITAPIRANGA                    ;ITAPIRANGASC
ITAPOA                        ;ITAPOÁSC
ITA                           ;ITÁSC
ITUPORANGA                    ;ITUPORANGASC
JABORA                        ;JABORÁSC
JACINTO MACHADO               ;JACINTO MACHADOSC
JAGUARUNA                     ;JAGUARUNASC
JARAGUA DO SUL                ;JARAGUÁ DO SULSC
JOACABA                       ;JOAÇABASC
JOINVILLE                     ;JOINVILLESC
JOSE BOITEUX                  ;JOSÉ BOITEUXSC
LAGES                         ;LAGESSC
LAGUNA                        ;LAGUNASC
LAURO MULLER                  ;LAURO MULLERSC
LEBON REGIS                   ;LEBON RÉGISSC
LEOBERTO LEAL                 ;LEOBERTO LEALSC
LINDOIA DO SUL                ;LINDÓIA DO SULSC
LONTRAS                       ;LONTRASSC
LUIZ ALVES                    ;LUIZ ALVESSC
LUZERNA                       ;LUZERNASC
MAFRA                         ;MAFRASC
MAJOR GERCINO                 ;MAJOR GERCINOSC
MAJOR VIEIRA                  ;MAJOR VIEIRASC
MARAVILHA                     ;MARAVILHASC
MAREMA                        ;MAREMASC
MASSARANDUBA                  ;MASSARANDUBASC
MATOS COSTA                   ;MATOS COSTASC
MELEIRO                       ;MELEIROSC
MIRIM DOCE                    ;MIRIM DOCESC
MODELO                        ;MODELOSC
MONDAI                        ;MONDAÍSC
MONTE CASTELO                 ;MONTE CASTELOSC
MORRO DA FUMACA               ;MORRO DA FUMAÇASC
NAVEGANTES                    ;NAVEGANTESSC
NOVA ERECHIM                  ;NOVA ERECHIMSC
NOVA ITABERABA                ;NOVA ITABERABASC
NOVA TRENTO                   ;NOVA TRENTOSC
NOVA VENEZA                   ;NOVA VENEZASC
NOVO HORIZONTE                ;NOVO HORIZONTESC
ORLEANS                       ;ORLEANSSC
OTACILIO COSTA                ;OTACÍLIO COSTASC
OURO                          ;OUROSC
PAIAL                         ;PAIALSC
PALHOCA                       ;PALHOÇASC
PALMA SOLA                    ;PALMA SOLASC
PALMITOS                      ;PALMITOSSC
PAPANDUVA                     ;PAPANDUVASC
PARAISO                       ;PARAÍSOSC
PASSO DE TORRES               ;PASSO DE TORRESSC
PAULO LOPES                   ;PAULO LOPESSC
PEDRAS GRANDES                ;PEDRAS GRANDESSC
PENHA                         ;PENHASC
PERITIBA                      ;PERITIBASC
PESCARIA BRAVA                ;PESCARIA BRAVASC
PETROLANDIA                   ;PETROLÂNDIASC
PINHALZINHO                   ;PINHALZINHOSC
PIRATUBA                      ;PIRATUBASC
POMERODE                      ;POMERODESC
PONTE ALTA                    ;PONTE ALTASC
PONTE SERRADA                 ;PONTE SERRADASC
PORTO BELO                    ;PORTO BELOSC
PORTO UNIAO                   ;PORTO UNIÃOSC
PRAIA GRANDE                  ;PRAIA GRANDESC
PRES C BRANCO                 ;PRESIDENTE CASTELLO BRANCOSC
PRES GETULIO                  ;PRESIDENTE GETÚLIOSC
PRES NEREU                    ;PRESIDENTE NEREUSC
QUILOMBO                      ;QUILOMBOSC
RANCHO QUEIMADO               ;RANCHO QUEIMADOSC
RIO DAS ANTAS                 ;RIO DAS ANTASSC
RIO DO CAMPO                  ;RIO DO CAMPOSC
RIO DO OESTE                  ;RIO DO OESTESC
RIO DO SUL                    ;RIO DO SULSC
RIO DOS CEDROS                ;RIO DOS CEDROSSC
RIO FORTUNA                   ;RIO FORTUNASC
RIO NEGRINHO                  ;RIO NEGRINHOSC
RODEIO                        ;RODEIOSC
ROMELANDIA                    ;ROMELÂNDIASC
SALTINHO                      ;SALTINHOSC
SALTO VELOSO                  ;SALTO VELOSOSC
SANTA CECILIA                 ;SANTA CECÍLIASC
S ROSA DE LIMA                ;SANTA ROSA DE LIMASC
S. T. PROGRESSO               ;SANTA TEREZINHA DO PROGRESSOSC
SANTA TEREZINHA               ;SANTA TEREZINHASC
SANTIAGO DO SUL               ;SANTIAGO DO SULSC
S A IMPERATRIZ                ;SANTO AMARO DA IMPERATRIZSC
SAO BENTO DO SUL              ;SÃO BENTO DO SULSC
SAO BERNARDINO                ;SÃO BERNARDINOSC
S BONIFACIO                   ;SÃO BONIFÁCIOSC
SAO BONIFACIO                 ;SÃO BONIFÁCIOSC
SAO CARLOS                    ;SÃO CARLOSSC
SAO DOMINGOS                  ;SÃO DOMINGOSSC
S FRANCISCO SUL               ;SÃO FRANCISCO DO SULSC
S JOAO BATISTA                ;SÃO JOÃO BATISTASC
SAO JOAO DO ITAPERIU          ;SÃO JOÃO DO ITAPERIÚSC
SAO JOAO DO OESTE             ;SÃO JOÃO DO OESTESC
S JOAO DO SUL                 ;SÃO JOÃO DO SULSC
SAO JOAQUIM                   ;SÃO JOAQUIMSC
S JOSE DO CEDRO               ;SÃO JOSÉ DO CEDROSC
S J DO CERRITO                ;SÃO JOSÉ DO CERRITOSC
SAO JOSE                      ;SÃO JOSÉSC
S LOURENCO OESTE              ;SÃO LOURENÇO DO OESTESC
S LUDGERO                     ;SÃO LUDGEROSC
SAO LUDGERO                   ;SÃO LUDGEROSC
S MARTINHO                    ;SÃO MARTINHOSC
SAO MARTINHO                  ;SÃO MARTINHOSC
SAO MIGUEL DA BOA VISTA       ;SÃO MIGUEL DA BOA VISTASC
S MIGUEL OESTE                ;SÃO MIGUEL DO OESTESC
S PEDRO DE ALCANTARA          ;SÃO PEDRO DE ALCÂNTARASC
SCHROEDER                     ;SCHROEDERSC
SEARA                         ;SEARASC
SERRA ALTA                    ;SERRA ALTASC
SIDEROPOLIS                   ;SIDERÓPOLISSC
SOMBRIO                       ;SOMBRIOSC
TAIO                          ;TAIÓSC
TANGARA                       ;TANGARÁSC
TIJUCAS                       ;TIJUCASSC
TIMBE DO SUL                  ;TIMBÉ DO SULSC
TIMBO GRANDE                  ;TIMBÓ GRANDESC
TIMBO                         ;TIMBÓSC
TRES BARRAS                   ;TRÊS BARRASSC
TREVISO                       ;TREVISOSC
TREZE DE MAIO                 ;TREZE DE MAIOSC
TREZE TILIAS                  ;TREZE TÍLIASSC
TROMB CENTRAL                 ;TROMBUDO CENTRALSC
TUBARAO                       ;TUBARÃOSC
TUNAPOLIS                     ;TUNÁPOLISSC
TURVO                         ;TURVOSC
UNIAO DO OESTE                ;UNIÃO DO OESTESC
URUBICI                       ;URUBICISC
URUPEMA                       ;URUPEMASC
URUSSANGA                     ;URUSSANGASC
VARGEAO                       ;VARGEÃOSC
VARGEM                        ;VARGEMSC
VIDAL RAMOS                   ;VIDAL RAMOSSC
VIDEIRA                       ;VIDEIRASC
VITOR MEIRELES                ;VITOR MEIRELESSC
WITMARSUM                     ;WITMARSUMSC
XANXERE                       ;XANXERÊSC
XAXIM                         ;XAXIMSC
ZORTEA                        ;ZORTÉASC
